Timestamp,UTC,Callsign,Latitude,Longitude,Altitude,Speed,Direction
1730457035,2024-11-01T10:30:35Z,QFA25,-33.938663,151.169449,0,0,253
1730457061,2024-11-01T10:31:01Z,QFA25,-33.938622,151.169662,0,2,247
1730457077,2024-11-01T10:31:17Z,QFA25,-33.938553,151.169876,0,2,241
1730457097,2024-11-01T10:31:37Z,QFA25,-33.938385,151.17009,0,3,264
1730457115,2024-11-01T10:31:55Z,QFA25,-33.938282,151.170303,0,3,295
1730457132,2024-11-01T10:32:12Z,QFA25,-33.938282,151.170547,0,3,326
1730457438,2024-11-01T10:37:18Z,QFA25,-33.938038,151.170578,0,3,348
1730457450,2024-11-01T10:37:30Z,QFA25,-33.937809,151.170517,0,5,348
1730457459,2024-11-01T10:37:39Z,QFA25,-33.937584,151.170456,0,5,348
1730457469,2024-11-01T10:37:49Z,QFA25,-33.937336,151.170486,0,6,2
1730457478,2024-11-01T10:37:58Z,QFA25,-33.937164,151.170731,0,6,36
1730457486,2024-11-01T10:38:06Z,QFA25,-33.937099,151.170944,0,6,56
1730457494,2024-11-01T10:38:14Z,QFA25,-33.936996,151.171234,0,8,61
1730457500,2024-11-01T10:38:20Z,QFA25,-33.93679,151.171402,0,10,42
1730457505,2024-11-01T10:38:25Z,QFA25,-33.936562,151.171432,0,10,16
1730457510,2024-11-01T10:38:30Z,QFA25,-33.936337,151.171371,0,11,5
1730457515,2024-11-01T10:38:35Z,QFA25,-33.936092,151.171295,0,11,348
1730457519,2024-11-01T10:38:39Z,QFA25,-33.935863,151.171234,0,12,348
1730457524,2024-11-01T10:38:44Z,QFA25,-33.935589,151.171158,0,13,348
1730457529,2024-11-01T10:38:49Z,QFA25,-33.935314,151.171097,0,13,348
1730457533,2024-11-01T10:38:53Z,QFA25,-33.935062,151.171036,0,13,348
1730457538,2024-11-01T10:38:58Z,QFA25,-33.934799,151.170959,0,12,345
1730457547,2024-11-01T10:39:07Z,QFA25,-33.934307,151.170822,0,12,348
1730457556,2024-11-01T10:39:16Z,QFA25,-33.933834,151.1707,0,13,348
1730457563,2024-11-01T10:39:23Z,QFA25,-33.933498,151.170609,0,11,343
1730457567,2024-11-01T10:39:27Z,QFA25,-33.933289,151.170471,0,10,334
1730457572,2024-11-01T10:39:32Z,QFA25,-33.933067,151.170258,0,10,326
1730457579,2024-11-01T10:39:39Z,QFA25,-33.932869,151.169983,0,10,315
1730457584,2024-11-01T10:39:44Z,QFA25,-33.932705,151.169739,0,10,309
1730457590,2024-11-01T10:39:50Z,QFA25,-33.932449,151.16954,0,12,326
1730457595,2024-11-01T10:39:55Z,QFA25,-33.932182,151.169495,0,13,343
1730457600,2024-11-01T10:40:00Z,QFA25,-33.931881,151.169449,0,14,348
1730457603,2024-11-01T10:40:03Z,QFA25,-33.93166,151.169388,0,13,348
1730457609,2024-11-01T10:40:09Z,QFA25,-33.931355,151.169296,0,13,348
1730457614,2024-11-01T10:40:14Z,QFA25,-33.931065,151.169235,0,12,345
1730457617,2024-11-01T10:40:17Z,QFA25,,151.169174,0,11,348
1730457628,2024-11-01T10:40:28Z,QFA25,-33.930412,151.169067,0,10,348
1730457634,2024-11-01T10:40:34Z,QFA25,,151.169098,0,0,2
1730457641,2024-11-01T10:40:41Z,QFA25,,151.169418,0,12,42
1730457645,2024-11-01T10:40:45Z,QFA25,-33.929798,151.169662,0,12,59
1730457650,2024-11-01T10:40:50Z,QFA25,-33.929741,151.169952,0,12,70
1730457654,2024-11-01T10:40:54Z,QFA25,-33.92968,151.170303,0,13,75
1730457660,2024-11-01T10:41:00Z,QFA25,-33.929611,151.1707,0,13,78
1730457664,2024-11-01T10:41:04Z,QFA25,-33.929581,151.170944,0,13,81
1730457667,2024-11-01T10:41:07Z,QFA25,-33.929592,151.171158,0,14,87
1730457669,2024-11-01T10:41:09Z,QFA25,-33.929649,151.171371,0,14,101
1730457674,2024-11-01T10:41:14Z,QFA25,-33.929867,151.171646,0,14,129
1730457678,2024-11-01T10:41:18Z,QFA25,-33.930141,151.171768,0,14,151
1730457686,2024-11-01T10:41:26Z,QFA25,-33.930668,151.171906,0,0,165
1730457690,2024-11-01T10:41:30Z,QFA25,-33.931473,151.172119,0,43,165
1730457691,2024-11-01T10:41:31Z,QFA25,-33.931835,151.172226,0,51,168
1730457694,2024-11-01T10:41:34Z,QFA25,-33.93251,151.172394,0,64,168
1730457695,2024-11-01T10:41:35Z,QFA25,-33.932819,151.17247,0,68,168
1730457696,2024-11-01T10:41:36Z,QFA25,-33.933147,151.172562,0,72,165
1730457699,2024-11-01T10:41:39Z,QFA25,-33.934044,151.172791,0,80,168
1730457700,2024-11-01T10:41:40Z,QFA25,-33.934418,151.172897,0,84,168
1730457703,2024-11-01T10:41:43Z,QFA25,-33.935898,151.173279,0,96,167
1730457709,2024-11-01T10:41:49Z,QFA25,-33.938736,151.174011,0,117,167
1730457718,2024-11-01T10:41:58Z,QFA25,-33.94455,151.175522,0,145,167
1730457728,2024-11-01T10:42:08Z,QFA25,-33.951805,151.177307,0,171,168
1730457736,2024-11-01T10:42:16Z,QFA25,-33.957203,151.178741,300,162,167
1730457744,2024-11-01T10:42:24Z,QFA25,-33.963627,151.18045,675,157,167
1730457748,2024-11-01T10:42:28Z,QFA25,-33.966934,151.18103,875,157,173
1730457752,2024-11-01T10:42:32Z,QFA25,-33.969635,151.181122,1050,159,181
1730457756,2024-11-01T10:42:36Z,QFA25,-33.972519,151.181015,1175,163,183
1730457760,2024-11-01T10:42:40Z,QFA25,-33.975357,151.180847,1225,165,182
1730457764,2024-11-01T10:42:44Z,QFA25,-33.978012,151.180725,1250,168,182
1730457768,2024-11-01T10:42:48Z,QFA25,-33.981857,151.180511,1300,172,182
1730457772,2024-11-01T10:42:52Z,QFA25,-33.984879,151.180344,1350,175,182
1730457774,2024-11-01T10:42:54Z,QFA25,-33.987278,151.180176,1375,178,182
1730457777,2024-11-01T10:42:57Z,QFA25,-33.989231,151.180054,1400,180,183
1730457783,2024-11-01T10:43:03Z,QFA25,-33.994492,151.179718,1450,187,183
1730457790,2024-11-01T10:43:10Z,QFA25,-34.000305,151.179214,1500,194,184
1730457798,2024-11-01T10:43:18Z,QFA25,-34.008133,151.178482,1550,208,184
1730457806,2024-11-01T10:43:26Z,QFA25,-34.016232,151.177658,1650,216,185
1730457814,2024-11-01T10:43:34Z,QFA25,-34.024429,151.176971,1750,228,181
1730457818,2024-11-01T10:43:38Z,QFA25,-34.027779,151.177078,1800,231,177
1730457822,2024-11-01T10:43:42Z,QFA25,-34.032578,151.177765,1850,236,171
1730457826,2024-11-01T10:43:46Z,QFA25,-34.036835,151.178772,1950,240,168
1730457830,2024-11-01T10:43:50Z,QFA25,-34.041183,151.179779,2075,242,168
1730457834,2024-11-01T10:43:54Z,QFA25,-34.046211,151.180969,2250,242,168
1730457838,2024-11-01T10:43:58Z,QFA25,-34.050167,151.181946,2400,243,168
1730457842,2024-11-01T10:44:02Z,QFA25,-34.054459,151.18309,2550,244,167
1730457845,2024-11-01T10:44:05Z,QFA25,-34.058407,151.184174,2675,246,166
1730457849,2024-11-01T10:44:09Z,QFA25,-34.062271,151.185318,2800,247,166
1730457857,2024-11-01T10:44:17Z,QFA25,-34.070511,151.187836,3025,253,165
1730457864,2024-11-01T10:44:24Z,QFA25,-34.080139,151.190933,3250,259,164
1730457868,2024-11-01T10:44:28Z,QFA25,-34.08371,151.192169,3350,260,163
1730457876,2024-11-01T10:44:36Z,QFA25,-34.093277,151.195587,3650,263,163
1730457887,2024-11-01T10:44:47Z,QFA25,-34.107101,151.200653,4150,265,163
1730457897,2024-11-01T10:44:57Z,QFA25,-34.117485,151.204437,4550,265,163
1730457916,2024-11-01T10:45:16Z,QFA25,-34.140854,151.212677,5325,269,165
1730457925,2024-11-01T10:45:25Z,QFA25,-34.152557,151.21402,5625,273,182
1730457930,2024-11-01T10:45:30Z,QFA25,-34.159008,151.212952,5800,274,191
1730457949,2024-11-01T10:45:49Z,QFA25,-34.179165,151.198654,6650,271,227
1730457957,2024-11-01T10:45:57Z,QFA25,-34.184738,151.188965,7000,270,241
1730457960,2024-11-01T10:46:00Z,QFA25,-34.186569,151.184204,7125,270,246
1730457965,2024-11-01T10:46:05Z,QFA25,-34.188126,151.178314,7300,270,254
1730457971,2024-11-01T10:46:11Z,QFA25,-34.189087,151.171768,7475,272,263
1730457974,2024-11-01T10:46:14Z,QFA25,-34.18927,151.165604,7600,272,271
1730457977,2024-11-01T10:46:17Z,QFA25,-34.188988,151.161285,7725,271,276
1730457980,2024-11-01T10:46:20Z,QFA25,-34.188034,151.155457,7925,272,280
1730457982,2024-11-01T10:46:22Z,QFA25,-34.187218,151.152191,8025,270,288
1730457986,2024-11-01T10:46:26Z,QFA25,-34.185196,151.146423,8250,270,295
1730457992,2024-11-01T10:46:32Z,QFA25,-34.181488,151.138977,8525,268,303
1730457995,2024-11-01T10:46:35Z,QFA25,-34.179611,151.135773,8650,268,305
1730457998,2024-11-01T10:46:38Z,QFA25,-34.177162,151.132111,8750,270,310
1730458001,2024-11-01T10:46:41Z,QFA25,-34.174603,151.128784,8850,272,314
1730458004,2024-11-01T10:46:44Z,QFA25,-34.171719,151.12558,8925,275,319
1730458007,2024-11-01T10:46:47Z,QFA25,-34.168304,151.122437,9025,277,323
1730458010,2024-11-01T10:46:50Z,QFA25,-34.165283,151.120026,9125,280,326
1730458013,2024-11-01T10:46:53Z,QFA25,-34.161896,151.11763,9225,280,329
1730458015,2024-11-01T10:46:55Z,QFA25,-34.15947,151.115997,9300,280,331
1730458020,2024-11-01T10:47:00Z,QFA25,-34.154491,151.112762,9475,280,331
1730458023,2024-11-01T10:47:03Z,QFA25,-34.150635,151.110275,9600,281,331
1730458029,2024-11-01T10:47:09Z,QFA25,-34.144623,151.106354,9775,282,331
1730458032,2024-11-01T10:47:12Z,QFA25,-34.140667,151.103836,9900,282,331
1730458034,2024-11-01T10:47:14Z,QFA25,-34.137314,151.101669,10000,283,331
1730458050,2024-11-01T10:47:30Z,QFA25,-34.11916,151.090164,10325,295,332
1730458065,2024-11-01T10:47:45Z,QFA25,-34.100052,151.078384,10525,312,332
1730458080,2024-11-01T10:48:00Z,QFA25,-34.080322,151.064987,10750,326,327
1730458095,2024-11-01T10:48:15Z,QFA25,-34.061234,151.049911,11125,333,327
1730458111,2024-11-01T10:48:31Z,QFA25,-34.040863,151.03421,11850,330,327
1730458123,2024-11-01T10:48:43Z,QFA25,-34.025402,151.022415,12450,328,327
1730458156,2024-11-01T10:49:16Z,QFA25,-33.981308,150.9888,12975,355,327
1730458187,2024-11-01T10:49:47Z,QFA25,-33.936493,150.954666,13425,381,327
1730458221,2024-11-01T10:50:21Z,QFA25,-33.884811,150.915268,14450,390,327
1730458253,2024-11-01T10:50:53Z,QFA25,-33.836166,150.878326,15525,393,327
1730458285,2024-11-01T10:51:25Z,QFA25,-33.786392,150.840546,16500,400,327
1730458318,2024-11-01T10:51:58Z,QFA25,-33.733429,150.800461,17475,408,327
1730458349,2024-11-01T10:52:29Z,QFA25,-33.684174,150.763153,18375,411,327
1730458383,2024-11-01T10:53:03Z,QFA25,-33.629337,150.721725,19375,416,327
1730458417,2024-11-01T10:53:37Z,QFA25,-33.573349,150.679459,20025,428,327
1730458449,2024-11-01T10:54:09Z,QFA25,-33.519196,150.638702,21000,427,327
1730458475,2024-11-01T10:54:35Z,QFA25,-33.473759,150.609558,21800,434,340
1730458478,2024-11-01T10:54:38Z,QFA25,-33.4678,150.607254,21900,436,342
1730458481,2024-11-01T10:54:41Z,QFA25,-33.462166,150.605301,21975,437,344
1730458487,2024-11-01T10:54:47Z,QFA25,-33.449413,150.601425,22175,438,346
1730458490,2024-11-01T10:54:50Z,QFA25,-33.44339,150.599655,22250,438,346
1730458497,2024-11-01T10:54:57Z,QFA25,-33.43121,150.596161,22400,439,346
1730458530,2024-11-01T10:55:30Z,QFA25,-33.365711,150.576874,23150,443,345
1730458564,2024-11-01T10:56:04Z,QFA25,,150.55571,23900,447,345
1730458594,2024-11-01T10:56:34Z,QFA25,-33.236023,150.536316,24575,450,345
1730458627,2024-11-01T10:57:07Z,QFA25,-33.169586,150.515717,25225,454,345
1730458661,2024-11-01T10:57:41Z,QFA25,-33.100067,150.494232,25800,460,345
1730458694,2024-11-01T10:58:14Z,QFA25,-33.031677,150.473083,26425,463,345
1730458726,2024-11-01T10:58:46Z,QFA25,-32.965034,150.452545,27275,458,345
1730458759,2024-11-01T10:59:19Z,QFA25,-32.897186,150.43161,27675,464,345
1730458791,2024-11-01T10:59:51Z,QFA25,-32.829803,150.410843,28100,470,345
1730458822,2024-11-01T11:00:22Z,QFA25,-32.763931,150.39061,28575,472,345
1730458856,2024-11-01T11:00:56Z,QFA25,-32.694569,150.36937,29125,471,345
1730458886,2024-11-01T11:01:26Z,QFA25,-32.62851,150.349182,29775,468,345
1730458921,2024-11-01T11:02:01Z,QFA25,-32.554733,150.326645,30425,466,345
1730458955,2024-11-01T11:02:35Z,QFA25,-32.484104,150.305069,30950,466,345
1730458986,2024-11-01T11:03:06Z,QFA25,-32.420097,150.285507,31425,466,345
1730459017,2024-11-01T11:03:37Z,QFA25,-32.354233,150.265503,31925,464,345
1730459048,2024-11-01T11:04:08Z,QFA25,-32.290558,150.24617,32000,467,345
1730459079,2024-11-01T11:04:39Z,QFA25,-32.225006,150.226227,32000,470,345
1730459112,2024-11-01T11:05:12Z,QFA25,-32.156284,150.205414,32000,470,345
1730459142,2024-11-01T11:05:42Z,QFA25,-32.092804,150.186234,32000,467,345
1730459176,2024-11-01T11:06:16Z,QFA25,-32.020958,150.16449,32000,467,345
1730459208,2024-11-01T11:06:48Z,QFA25,-31.953323,150.144104,32000,469,345
1730459241,2024-11-01T11:07:21Z,QFA25,-31.885529,150.123672,32000,469,345
1730459272,2024-11-01T11:07:52Z,QFA25,-31.818604,150.103622,32000,468,345
1730459304,2024-11-01T11:08:24Z,QFA25,-31.752319,150.08374,32000,465,345
1730459338,2024-11-01T11:08:58Z,QFA25,-31.682428,150.062744,32000,463,345
1730459374,2024-11-01T11:09:34Z,QFA25,-31.606829,150.040176,32250,464,345
1730459409,2024-11-01T11:10:09Z,QFA25,-31.533276,150.018204,32625,465,345
1730459441,2024-11-01T11:10:41Z,QFA25,-31.467957,149.99881,33050,463,345
1730459472,2024-11-01T11:11:12Z,QFA25,-31.402405,149.979263,33425,462,345
1730459503,2024-11-01T11:11:43Z,QFA25,-31.337906,149.960098,33850,458,345
1730459536,2024-11-01T11:12:16Z,QFA25,-31.27002,149.93985,34000,456,345
1730459568,2024-11-01T11:12:48Z,QFA25,-31.204571,149.920425,34000,454,345
1730459601,2024-11-01T11:13:21Z,QFA25,-31.138138,149.900742,34000,455,345
1730459637,2024-11-01T11:13:57Z,QFA25,-31.06468,149.878998,34000,453,345
1730459673,2024-11-01T11:14:33Z,QFA25,-30.991501,149.857422,34000,455,345
1730459704,2024-11-01T11:15:04Z,QFA25,-30.927864,149.838684,34000,456,345
1730459736,2024-11-01T11:15:36Z,QFA25,-30.861807,149.819244,34000,458,345
1730459768,2024-11-01T11:16:08Z,QFA25,-30.795515,149.799744,34000,459,345
1730459802,2024-11-01T11:16:42Z,QFA25,-30.726562,149.779465,34000,459,345
1730459841,2024-11-01T11:17:21Z,QFA25,-30.645676,149.755829,34000,460,345
1730459873,2024-11-01T11:17:53Z,QFA25,-30.579849,149.736603,34000,462,345
1730459909,2024-11-01T11:18:29Z,QFA25,-30.504959,149.714737,34000,462,345
1730459942,2024-11-01T11:19:02Z,QFA25,-30.436295,149.694748,34000,464,345
1730459975,2024-11-01T11:19:35Z,QFA25,-30.368305,149.674881,34000,463,345
1730460009,2024-11-01T11:20:09Z,QFA25,-30.296768,149.654037,34000,462,345
1730460049,2024-11-01T11:20:49Z,QFA25,-30.214451,149.630157,34000,460,345
1730460083,2024-11-01T11:21:23Z,QFA25,-30.143509,149.609558,34000,458,345
1730460121,2024-11-01T11:22:01Z,QFA25,-30.065872,149.587097,34000,456,345
1730460153,2024-11-01T11:22:33Z,QFA25,-30.00017,149.568146,34000,455,345
1730460193,2024-11-01T11:23:13Z,QFA25,-29.918701,149.544556,34000,457,345
1730460224,2024-11-01T11:23:44Z,QFA25,-29.853485,149.525757,34000,458,345
1730460255,2024-11-01T11:24:15Z,QFA25,-29.790436,149.507599,34000,456,346
1730460286,2024-11-01T11:24:46Z,QFA25,-29.726955,149.489517,34000,455,345
1730460321,2024-11-01T11:25:21Z,QFA25,-29.655218,149.468933,34000,453,345
1730460358,2024-11-01T11:25:58Z,QFA25,-29.579292,149.447083,34000,452,345
1730460396,2024-11-01T11:26:36Z,QFA25,-29.502947,149.425156,34000,455,345
1730460432,2024-11-01T11:27:12Z,QFA25,-29.427858,149.403778,34000,454,345
1730460464,2024-11-01T11:27:44Z,QFA25,-29.362452,149.385086,34000,454,345
1730460495,2024-11-01T11:28:15Z,QFA25,-29.298935,149.367111,34000,454,346
1730460531,2024-11-01T11:28:51Z,QFA25,-29.226053,149.34642,34000,454,345
1730460567,2024-11-01T11:29:27Z,QFA25,-29.151855,149.325333,34000,453,345
1730460604,2024-11-01T11:30:04Z,QFA25,-29.077057,149.303986,34000,453,345
1730460639,2024-11-01T11:30:39Z,QFA25,-29.004837,149.283524,34000,454,345
1730460672,2024-11-01T11:31:12Z,QFA25,-28.938641,149.264725,34000,454,346
1730460709,2024-11-01T11:31:49Z,QFA25,-28.862806,149.243347,34000,452,346
1730460741,2024-11-01T11:32:21Z,QFA25,-28.797363,149.224915,34000,452,346
1730460784,2024-11-01T11:33:04Z,QFA25,-28.711029,149.200668,34000,452,346
1730460817,2024-11-01T11:33:37Z,QFA25,-28.643463,149.181717,34000,453,346
1730460847,2024-11-01T11:34:07Z,QFA25,-28.579721,149.163803,34000,450,346
1730460882,2024-11-01T11:34:42Z,QFA25,-28.511105,149.144577,34000,442,346
1730460916,2024-11-01T11:35:16Z,QFA25,-28.441927,149.125183,34000,442,345
1730460953,2024-11-01T11:35:53Z,QFA25,-28.37178,149.105545,34000,442,346
1730460985,2024-11-01T11:36:25Z,QFA25,-28.309616,149.088165,34000,444,346
1730461017,2024-11-01T11:36:57Z,QFA25,-28.242737,149.069473,34000,444,346
1730461051,2024-11-01T11:37:31Z,QFA25,-28.174299,149.050385,34000,444,346
1730461082,2024-11-01T11:38:02Z,QFA25,-28.112595,149.033188,34000,444,346
1730461114,2024-11-01T11:38:34Z,QFA25,-28.049026,149.015594,34000,448,346
1730461144,2024-11-01T11:39:04Z,QFA25,-27.988861,148.998856,34000,448,346
1730461179,2024-11-01T11:39:39Z,QFA25,-27.918182,148.979324,34000,448,346
1730461203,2024-11-01T11:40:03Z,QFA25,-27.868515,148.969742,34000,454,357
1730461210,2024-11-01T11:40:10Z,QFA25,-27.854485,148.96965,34000,458,1
1730461213,2024-11-01T11:40:13Z,QFA25,-27.847874,148.96991,34000,458,2
1730461216,2024-11-01T11:40:16Z,QFA25,-27.84173,148.970169,34000,458,2
1730461218,2024-11-01T11:40:18Z,QFA25,-27.835922,148.970459,34000,458,2
1730461220,2024-11-01T11:40:20Z,QFA25,-27.831665,148.970612,34000,458,2
1730461253,2024-11-01T11:40:53Z,QFA25,-27.762634,148.972794,34000,457,1
1730461285,2024-11-01T11:41:25Z,QFA25,-27.695137,148.974655,34000,458,1
1730461318,2024-11-01T11:41:58Z,QFA25,-27.625401,148.976669,34000,460,1
1730461351,2024-11-01T11:42:31Z,QFA25,-27.554596,148.978882,34000,460,1
1730461383,2024-11-01T11:43:03Z,QFA25,-27.485184,148.981094,34000,460,1
1730461416,2024-11-01T11:43:36Z,QFA25,-27.416565,148.983215,34000,460,1
1730461448,2024-11-01T11:44:08Z,QFA25,-27.347158,148.985336,34000,460,1
1730461480,2024-11-01T11:44:40Z,QFA25,-27.278641,148.987564,34000,460,1
1730461511,2024-11-01T11:45:11Z,QFA25,,148.989563,34000,459,1
1730461544,2024-11-01T11:45:44Z,QFA25,,148.991714,34000,459,1
1730461577,2024-11-01T11:46:17Z,QFA25,-27.073929,148.99379,34000,458,1
1730461611,2024-11-01T11:46:51Z,QFA25,-27.00174,148.996017,34000,457,1
1730461642,2024-11-01T11:47:22Z,QFA25,-26.934723,148.998138,34000,455,1
1730461673,2024-11-01T11:47:53Z,QFA25,-26.870604,148.999969,34000,454,1
1730461704,2024-11-01T11:48:24Z,QFA25,-26.804127,149.001968,34000,452,1
1730461736,2024-11-01T11:48:56Z,QFA25,-26.738022,149.003998,34025,453,1
1730461769,2024-11-01T11:49:29Z,QFA25,-26.670523,149.006348,34800,441,1
1730461804,2024-11-01T11:50:04Z,QFA25,-26.59897,149.008408,35225,436,1
1730461838,2024-11-01T11:50:38Z,QFA25,-26.530771,149.010635,35950,424,1
1730461869,2024-11-01T11:51:09Z,QFA25,-26.470093,149.012436,36000,418,1
1730461900,2024-11-01T11:51:40Z,QFA25,-26.410295,149.014008,36000,421,1
1730461932,2024-11-01T11:52:12Z,QFA25,-26.348557,149.015808,36000,424,1
1730461965,2024-11-01T11:52:45Z,QFA25,-26.283279,149.017776,36000,424,1
1730461996,2024-11-01T11:53:16Z,QFA25,-26.221525,149.019608,36000,425,1
1730462032,2024-11-01T11:53:52Z,QFA25,-26.151352,,36000,426,1
1730462067,2024-11-01T11:54:27Z,QFA25,-26.082047,,36000,426,1
1730462098,2024-11-01T11:54:58Z,QFA25,-26.019928,149.025757,36000,426,1
1730462129,2024-11-01T11:55:29Z,QFA25,-25.958679,149.027573,36000,425,1
1730462164,2024-11-01T11:56:04Z,QFA25,-25.891518,149.029587,36000,424,1
1730462200,2024-11-01T11:56:40Z,QFA25,-25.820297,149.031723,36000,423,1
1730462230,2024-11-01T11:57:10Z,QFA25,-25.760147,149.033539,36000,423,1
1730462261,2024-11-01T11:57:41Z,QFA25,-25.699348,149.035339,36000,423,1
1730462297,2024-11-01T11:58:17Z,QFA25,-25.62973,149.03743,36000,422,1
1730462334,2024-11-01T11:58:54Z,QFA25,-25.557312,149.039566,36000,420,1
1730462372,2024-11-01T11:59:32Z,QFA25,-25.483154,149.041794,36000,418,1
1730462409,2024-11-01T12:00:09Z,QFA25,-25.411423,149.0439,36000,415,1
1730462444,2024-11-01T12:00:44Z,QFA25,-25.345963,149.045822,36000,412,1
1730462476,2024-11-01T12:01:16Z,QFA25,-25.283661,149.047592,36000,413,1
1730462520,2024-11-01T12:02:00Z,QFA25,-25.200348,149.050034,36000,414,1
1730462553,2024-11-01T12:02:33Z,QFA25,-25.135927,149.051926,36000,414,1
1730462586,2024-11-01T12:03:06Z,QFA25,-25.072861,149.053757,36000,416,1
1730462617,2024-11-01T12:03:37Z,QFA25,-25.01289,149.055511,36000,417,1
1730462649,2024-11-01T12:04:09Z,QFA25,-24.950775,149.057312,36000,419,1
1730462680,2024-11-01T12:04:40Z,QFA25,-24.890488,149.059097,36000,420,1
1730462711,2024-11-01T12:05:11Z,QFA25,-24.829742,149.060822,36000,423,1
1730462742,2024-11-01T12:05:42Z,QFA25,-24.769468,149.062607,36000,426,1
1730462774,2024-11-01T12:06:14Z,QFA25,-24.706558,149.064438,36000,426,1
1730462808,2024-11-01T12:06:48Z,QFA25,-24.639084,149.066467,35975,426,1
1730462843,2024-11-01T12:07:23Z,QFA25,-24.570328,149.068497,36000,427,1
1730462882,2024-11-01T12:08:02Z,QFA25,-24.491409,149.07074,36000,428,1
1730462920,2024-11-01T12:08:40Z,QFA25,-24.416336,149.072922,36000,428,1
1730462951,2024-11-01T12:09:11Z,QFA25,-24.355453,149.074707,36000,427,1
1730462982,2024-11-01T12:09:42Z,QFA25,-24.293285,149.076538,36000,428,1
1730463014,2024-11-01T12:10:14Z,QFA25,-24.231171,149.078369,36000,429,1
1730463051,2024-11-01T12:10:51Z,QFA25,-24.157539,149.080475,36000,429,1
1730463082,2024-11-01T12:11:22Z,QFA25,-24.095398,149.082291,36000,429,1
1730463115,2024-11-01T12:11:55Z,QFA25,-24.028839,149.084167,36000,430,1
1730463146,2024-11-01T12:12:26Z,QFA25,-23.967793,149.085922,36000,431,1
1730463178,2024-11-01T12:12:58Z,QFA25,-23.902618,149.087891,36000,431,1
1730463209,2024-11-01T12:13:29Z,QFA25,-23.841934,149.089615,36000,432,1
1730463241,2024-11-01T12:14:01Z,QFA25,-23.7773,149.09137,36000,433,1
1730463276,2024-11-01T12:14:36Z,QFA25,-23.706345,149.09343,36000,435,1
1730463316,2024-11-01T12:15:16Z,QFA25,-23.626703,149.095764,36000,436,1
1730463348,2024-11-01T12:15:48Z,QFA25,-23.56073,149.097702,36000,436,1
1730463388,2024-11-01T12:16:28Z,QFA25,-23.481182,149.099991,36000,436,1
1730463425,2024-11-01T12:17:05Z,QFA25,-23.406094,149.102127,36000,435,1
1730463462,2024-11-01T12:17:42Z,QFA25,-23.330631,149.104202,36000,435,1
1730463496,2024-11-01T12:18:16Z,QFA25,-23.263271,149.10614,36000,435,1
1730463527,2024-11-01T12:18:47Z,QFA25,-23.199326,149.107986,36000,434,1
1730463561,2024-11-01T12:19:21Z,QFA25,-23.131807,149.109955,36000,434,1
1730463592,2024-11-01T12:19:52Z,QFA25,-23.070236,149.111694,36000,432,1
1730463633,2024-11-01T12:20:33Z,QFA25,-22.986982,149.11412,36000,429,1
1730463664,2024-11-01T12:21:04Z,QFA25,-22.925491,149.115829,36000,428,1
1730463706,2024-11-01T12:21:46Z,QFA25,-22.842438,149.118195,36000,426,1
1730463742,2024-11-01T12:22:22Z,QFA25,-22.772369,149.117035,36000,419,357
1730463774,2024-11-01T12:22:54Z,QFA25,-22.709702,149.113937,36000,418,357
1730463809,2024-11-01T12:23:29Z,QFA25,-22.642729,149.110825,36000,418,357
1730463841,2024-11-01T12:24:01Z,QFA25,-22.579651,149.107849,36000,418,357
1730463874,2024-11-01T12:24:34Z,QFA25,-22.516014,149.104813,36000,418,357
1730463926,2024-11-01T12:25:26Z,QFA25,-22.415085,149.100006,36000,419,357
1730463957,2024-11-01T12:25:57Z,QFA25,-22.354523,149.097107,36000,421,357
1730463989,2024-11-01T12:26:29Z,QFA25,-22.292517,149.094193,36000,422,357
1730464020,2024-11-01T12:27:00Z,QFA25,-22.231201,149.091309,36000,424,357
1730464052,2024-11-01T12:27:32Z,QFA25,-22.169632,149.08847,36000,423,357
1730464086,2024-11-01T12:28:06Z,QFA25,-22.103142,149.085342,36000,422,357
1730464118,2024-11-01T12:28:38Z,QFA25,-22.040955,149.082382,36000,423,357
1730464155,2024-11-01T12:29:15Z,QFA25,-21.967163,149.078873,36000,423,357
1730464186,2024-11-01T12:29:46Z,QFA25,-21.906551,149.07608,36000,423,357
1730464217,2024-11-01T12:30:17Z,QFA25,-21.846453,149.073227,36000,424,357
1730464251,2024-11-01T12:30:51Z,QFA25,-21.77916,149.070084,36000,426,357
1730464289,2024-11-01T12:31:29Z,QFA25,-21.703352,149.066574,36000,427,357
1730464321,2024-11-01T12:32:01Z,QFA25,-21.6399,149.062042,36000,425,355
1730464360,2024-11-01T12:32:40Z,QFA25,-21.564579,149.055069,36000,425,355
1730464395,2024-11-01T12:33:15Z,QFA25,-21.494705,149.049118,36000,426,355
1730464431,2024-11-01T12:33:51Z,QFA25,-21.424364,149.04332,36000,427,355
1730464468,2024-11-01T12:34:28Z,QFA25,-21.351789,149.03743,36000,428,355
1730464502,2024-11-01T12:35:02Z,QFA25,-21.28331,149.03183,36000,428,355
1730464534,2024-11-01T12:35:34Z,QFA25,-21.220459,149.026688,36000,428,355
1730464568,2024-11-01T12:36:08Z,QFA25,-21.153717,149.021194,36000,428,355
1730464600,2024-11-01T12:36:40Z,QFA25,-21.090134,149.016006,36000,428,355
1730464638,2024-11-01T12:37:18Z,QFA25,-21.013412,149.00972,36000,428,355
1730464675,2024-11-01T12:37:55Z,QFA25,-20.940353,149.003738,36000,430,355
1730464708,2024-11-01T12:38:28Z,QFA25,-20.875311,148.998428,36000,431,356
1730464741,2024-11-01T12:39:01Z,QFA25,-20.809616,148.993103,36000,431,355
1730464781,2024-11-01T12:39:41Z,QFA25,-20.730331,148.986633,36000,431,355
1730464814,2024-11-01T12:40:14Z,QFA25,-20.665096,148.981354,36000,431,355
1730464851,2024-11-01T12:40:51Z,QFA25,-20.590942,148.975342,36000,430,355
1730464882,2024-11-01T12:41:22Z,QFA25,-20.528137,148.970245,36000,429,355
1730464919,2024-11-01T12:41:59Z,QFA25,-20.454542,148.964279,36000,428,355
1730464958,2024-11-01T12:42:38Z,QFA25,-20.378475,148.95813,36000,428,355
1730464990,2024-11-01T12:43:10Z,QFA25,-20.314093,148.952682,36000,425,354
1730465021,2024-11-01T12:43:41Z,QFA25,-20.254166,148.945923,36000,424,353
1730465053,2024-11-01T12:44:13Z,QFA25,-20.192184,148.938751,36000,424,353
1730465085,2024-11-01T12:44:45Z,QFA25,-20.128418,148.931747,36000,426,354
1730465118,2024-11-01T12:45:18Z,QFA25,-20.064468,148.924835,36000,427,354
1730465153,2024-11-01T12:45:53Z,QFA25,-19.993954,,36000,428,354
1730465186,2024-11-01T12:46:26Z,QFA25,-19.930037,148.910339,36000,429,354
1730465229,2024-11-01T12:47:09Z,QFA25,-19.844101,148.901047,36000,431,354
1730465265,2024-11-01T12:47:45Z,QFA25,-19.771866,148.893188,36000,430,354
1730465305,2024-11-01T12:48:25Z,QFA25,-19.694017,148.884827,36000,431,354
1730465335,2024-11-01T12:48:55Z,QFA25,-19.632429,148.878174,36000,432,354
1730465371,2024-11-01T12:49:31Z,QFA25,-19.560654,148.870483,36000,433,354
1730465403,2024-11-01T12:50:03Z,QFA25,-19.497391,148.86377,36000,432,354
1730465436,2024-11-01T12:50:36Z,QFA25,-19.432814,148.856812,36000,431,354
1730465469,2024-11-01T12:51:09Z,QFA25,-19.367128,148.849762,36000,431,354
1730465499,2024-11-01T12:51:39Z,QFA25,-19.305912,148.84317,36000,432,354
1730465530,2024-11-01T12:52:10Z,QFA25,-19.243835,148.836502,36000,432,354
1730465562,2024-11-01T12:52:42Z,QFA25,-19.181383,148.829895,36000,431,354
1730465595,2024-11-01T12:53:15Z,QFA25,-19.115465,148.822754,36000,430,354
1730465627,2024-11-01T12:53:47Z,QFA25,-19.051737,148.815964,36000,429,354
1730465661,2024-11-01T12:54:21Z,QFA25,-18.98498,148.808823,36000,430,354
1730465692,2024-11-01T12:54:52Z,QFA25,-18.923309,148.802109,36000,431,354
1730465725,2024-11-01T12:55:25Z,QFA25,-18.856588,148.795029,36000,432,354
1730465758,2024-11-01T12:55:58Z,QFA25,-18.7901,148.787994,36000,434,354
1730465791,2024-11-01T12:56:31Z,QFA25,-18.724567,148.781006,36000,435,354
1730465823,2024-11-01T12:57:03Z,QFA25,-18.660965,148.774261,36000,435,354
1730465856,2024-11-01T12:57:36Z,QFA25,-18.594681,148.767242,36000,435,354
1730465886,2024-11-01T12:58:06Z,QFA25,-18.53334,148.760712,36000,434,354
1730465920,2024-11-01T12:58:40Z,QFA25,-18.466049,148.753601,36000,434,354
1730465954,2024-11-01T12:59:14Z,QFA25,-18.397491,148.746338,36000,434,354
1730465986,2024-11-01T12:59:46Z,QFA25,-18.335541,148.739822,36000,433,354
1730466016,2024-11-01T13:00:16Z,QFA25,-18.27356,148.7332,36000,433,354
1730466053,2024-11-01T13:00:53Z,QFA25,-18.200388,148.725418,36000,432,354
1730466086,2024-11-01T13:01:26Z,QFA25,-18.134583,148.71846,36000,434,354
1730466118,2024-11-01T13:01:58Z,QFA25,-18.069305,148.711517,36000,434,354
1730466151,2024-11-01T13:02:31Z,QFA25,-18.002914,148.704514,36000,436,354
1730466184,2024-11-01T13:03:04Z,QFA25,-17.936949,148.69754,36000,438,354
1730466219,2024-11-01T13:03:39Z,QFA25,-17.866425,148.690125,36000,437,354
1730466251,2024-11-01T13:04:11Z,QFA25,-17.802692,148.683472,36000,435,354
1730466283,2024-11-01T13:04:43Z,QFA25,-17.738312,148.676697,36000,434,354
1730466317,2024-11-01T13:05:17Z,QFA25,-17.670856,148.66954,36000,434,354
1730466349,2024-11-01T13:05:49Z,QFA25,-17.605219,148.66272,36000,433,354
1730466384,2024-11-01T13:06:24Z,QFA25,-17.536694,148.655518,36000,432,354
1730466423,2024-11-01T13:07:03Z,QFA25,-17.457321,148.647125,36000,432,354
1730466459,2024-11-01T13:07:39Z,QFA25,-17.385818,148.639679,36000,433,354
1730466493,2024-11-01T13:08:13Z,QFA25,-17.318527,148.632629,36000,433,354
1730466524,2024-11-01T13:08:44Z,QFA25,-17.256042,148.626129,36000,434,354
1730466557,2024-11-01T13:09:17Z,QFA25,-17.190624,148.619263,36000,434,354
1730466605,2024-11-01T13:10:05Z,QFA25,-17.093748,148.609116,36000,434,354
1730466637,2024-11-01T13:10:37Z,QFA25,-17.029175,148.602371,36000,434,354
1730466670,2024-11-01T13:11:10Z,QFA25,-16.963598,148.59549,36000,434,354
1730466709,2024-11-01T13:11:49Z,QFA25,-16.886673,148.58754,36000,433,354
1730466744,2024-11-01T13:12:24Z,QFA25,-16.815228,148.580078,36000,433,354
1730466775,2024-11-01T13:12:55Z,QFA25,-16.752823,148.573563,36000,435,354
1730466807,2024-11-01T13:13:27Z,QFA25,-16.689396,148.566986,36000,435,354
1730466843,2024-11-01T13:14:03Z,QFA25,-16.617474,148.559479,36000,437,354
1730466875,2024-11-01T13:14:35Z,QFA25,-16.552858,148.552765,36000,437,354
1730466913,2024-11-01T13:15:13Z,QFA25,-16.476326,148.544815,36000,437,354
1730466951,2024-11-01T13:15:51Z,QFA25,-16.398956,148.536819,36000,438,354
1730466985,2024-11-01T13:16:25Z,QFA25,-16.329687,148.529617,36000,437,354
1730467018,2024-11-01T13:16:58Z,QFA25,-16.263977,148.522827,36000,437,354
1730467054,2024-11-01T13:17:34Z,QFA25,-16.191799,148.515335,36000,437,354
1730467086,2024-11-01T13:18:06Z,QFA25,-16.126694,148.508606,36000,437,354
1730467119,2024-11-01T13:18:39Z,QFA25,-16.058706,148.501556,36000,437,354
1730467152,2024-11-01T13:19:12Z,QFA25,-15.99209,148.49469,36000,437,354
1730467185,2024-11-01T13:19:45Z,QFA25,-15.927243,,36000,437,354
1730467216,2024-11-01T13:20:16Z,QFA25,-15.863571,148.481476,36000,437,354
1730467248,2024-11-01T13:20:48Z,QFA25,-15.798526,148.474777,36000,437,354
1730467280,2024-11-01T13:21:20Z,QFA25,-15.735075,148.468201,36000,438,354
1730467312,2024-11-01T13:21:52Z,QFA25,-15.670275,148.461487,36000,436,354
1730467346,2024-11-01T13:22:26Z,QFA25,-15.601936,148.454468,36000,434,354
1730467378,2024-11-01T13:22:58Z,QFA25,-15.537323,148.4478,36000,434,354
1730467414,2024-11-01T13:23:34Z,QFA25,-15.466189,148.440552,36000,433,354
1730467445,2024-11-01T13:24:05Z,QFA25,-15.402557,148.434021,36000,432,354
1730467484,2024-11-01T13:24:44Z,QFA25,-15.325695,148.426132,36000,432,354
1730467515,2024-11-01T13:25:15Z,QFA25,-15.263168,148.419754,36000,432,354
1730467549,2024-11-01T13:25:49Z,QFA25,-15.197304,148.410965,36000,431,350
1730467592,2024-11-01T13:26:32Z,QFA25,-15.110962,148.396912,36000,432,351
1730467624,2024-11-01T13:27:04Z,QFA25,-15.048011,148.386795,36000,433,351
1730467655,2024-11-01T13:27:35Z,QFA25,-14.986609,148.376892,36000,434,351
1730467686,2024-11-01T13:28:06Z,QFA25,-14.924927,148.366943,36000,433,351
1730467720,2024-11-01T13:28:40Z,QFA25,-14.857985,148.356186,36000,434,351
1730467753,2024-11-01T13:29:13Z,QFA25,-14.791601,148.345505,36000,435,351
1730467788,2024-11-01T13:29:48Z,QFA25,-14.72154,148.334274,36000,434,351
1730467820,2024-11-01T13:30:20Z,QFA25,-14.656879,148.323868,36000,434,351
1730467858,2024-11-01T13:30:58Z,QFA25,-14.581837,148.311813,36000,432,351
1730467891,2024-11-01T13:31:31Z,QFA25,-14.517105,148.301407,36000,431,351
1730467923,2024-11-01T13:32:03Z,QFA25,-14.45462,148.291367,36000,431,351
1730467963,2024-11-01T13:32:43Z,QFA25,-14.374108,148.278458,36000,431,351
1730468008,2024-11-01T13:33:28Z,QFA25,-14.28598,148.264282,36000,432,351
1730468039,2024-11-01T13:33:59Z,QFA25,-14.223618,148.254333,36000,433,351
1730468071,2024-11-01T13:34:31Z,QFA25,-14.159912,148.244202,36000,434,351
1730468114,2024-11-01T13:35:14Z,QFA25,-14.07605,148.230804,36000,435,351
1730468146,2024-11-01T13:35:46Z,QFA25,-14.010635,148.220337,36000,435,351
1730468177,2024-11-01T13:36:17Z,QFA25,-13.949066,148.210495,36000,436,351
1730468209,2024-11-01T13:36:49Z,QFA25,-13.88588,148.200409,36000,435,351
1730468248,2024-11-01T13:37:28Z,QFA25,-13.808075,148.188049,36000,434,351
1730468281,2024-11-01T13:38:01Z,QFA25,-13.741058,148.177383,36000,433,351
1730468288,2024-11-01T13:38:08Z,QFA25,-13.727231,148.175156,36000,434,351
1730468344,2024-11-01T13:39:04Z,QFA25,-13.616715,148.157532,36000,435,351
1730468377,2024-11-01T13:39:37Z,QFA25,-13.5504,148.146988,36000,435,351
1730468397,2024-11-01T13:39:57Z,QFA25,-13.510757,148.140686,36000,434,351
1730468454,2024-11-01T13:40:54Z,QFA25,-13.39801,148.122787,36000,432,351
1730468652,2024-11-01T13:44:12Z,QFA25,-13.005388,148.047623,36000,434,346
1730468697,2024-11-01T13:44:57Z,QFA25,-12.91739,148.026001,36000,432,346
1730468742,2024-11-01T13:45:42Z,QFA25,-12.830036,148.004395,36000,431,346
1730468817,2024-11-01T13:46:57Z,QFA25,-12.68333,147.968185,36000,433,346
1730469190,2024-11-01T13:53:10Z,QFA25,-11.947493,147.787598,36000,441,347
1730469223,2024-11-01T13:53:43Z,QFA25,-11.882126,147.77269,36000,442,347
1730469256,2024-11-01T13:54:16Z,QFA25,-11.816727,147.757675,36000,442,347
1730469288,2024-11-01T13:54:48Z,QFA25,-11.752252,147.742737,36000,442,347
1730469319,2024-11-01T13:55:19Z,QFA25,-11.69046,147.72847,36000,442,347
1730469350,2024-11-01T13:55:50Z,QFA25,-11.627027,147.713837,36000,443,347
1730469384,2024-11-01T13:56:24Z,QFA25,-11.559448,147.698212,36000,444,347
1730469416,2024-11-01T13:56:56Z,QFA25,-11.495956,147.683578,36000,443,347
1730469449,2024-11-01T13:57:29Z,QFA25,-11.428482,147.667999,36000,444,347
1730469482,2024-11-01T13:58:02Z,QFA25,-11.364379,147.653214,36000,442,347
1730469514,2024-11-01T13:58:34Z,QFA25,-11.297882,147.637924,36000,442,347
1730469547,2024-11-01T13:59:07Z,QFA25,-11.233521,147.623093,36000,442,347
1730469580,2024-11-01T13:59:40Z,QFA25,-11.166206,147.607529,36000,442,347
1730469614,2024-11-01T14:00:14Z,QFA25,-11.09903,147.592087,36000,444,347
1730469647,2024-11-01T14:00:47Z,QFA25,-11.032322,147.576691,36000,445,347
1730469679,2024-11-01T14:01:19Z,QFA25,-10.967009,147.561661,36000,445,347
1730469713,2024-11-01T14:01:53Z,QFA25,-10.898392,147.545868,36000,444,347
1730469748,2024-11-01T14:02:28Z,QFA25,-10.828563,147.529816,36000,443,347
1730469779,2024-11-01T14:02:59Z,QFA25,-10.766098,,36000,442,347
1730469814,2024-11-01T14:03:34Z,QFA25,-10.697053,147.499603,36000,442,347
1730469847,2024-11-01T14:04:07Z,QFA25,-10.630417,147.484253,36000,442,347
1730469878,2024-11-01T14:04:38Z,QFA25,-10.56926,147.470245,36000,442,347
1730469911,2024-11-01T14:05:11Z,QFA25,-10.500928,147.45459,36000,441,347
1730469946,2024-11-01T14:05:46Z,QFA25,-10.4328,147.43895,36000,441,347
1730469976,2024-11-01T14:06:16Z,QFA25,-10.37178,147.424973,36000,440,347
1730470010,2024-11-01T14:06:50Z,QFA25,-10.304617,147.409622,36000,441,347
1730470044,2024-11-01T14:07:24Z,QFA25,-10.236837,147.394089,36000,442,347
1730470076,2024-11-01T14:07:56Z,QFA25,-10.172316,147.379318,36000,442,347
1730470108,2024-11-01T14:08:28Z,QFA25,-10.107981,147.364639,36000,442,347
1730470140,2024-11-01T14:09:00Z,QFA25,-10.044297,147.350098,36000,442,347
1730470172,2024-11-01T14:09:32Z,QFA25,-9.980893,147.335617,36000,442,347
1730470203,2024-11-01T14:10:03Z,QFA25,-9.91842,147.321304,36000,442,347
1730470236,2024-11-01T14:10:36Z,QFA25,-9.850891,147.305893,36000,442,347
1730470269,2024-11-01T14:11:09Z,QFA25,-9.78511,147.290909,36000,442,347
1730470304,2024-11-01T14:11:44Z,QFA25,-9.71615,147.275131,36000,443,347
1730470335,2024-11-01T14:12:15Z,QFA25,-9.652725,147.260696,36000,443,347
1730470367,2024-11-01T14:12:47Z,QFA25,-9.587906,147.245895,36000,445,347
1730470399,2024-11-01T14:13:19Z,QFA25,-9.524185,147.231369,36000,445,347
1730470430,2024-11-01T14:13:50Z,QFA25,-9.4617,147.217117,36000,447,347
1730470463,2024-11-01T14:14:23Z,QFA25,-9.393264,147.203018,36000,447,350
1730470494,2024-11-01T14:14:54Z,QFA25,-9.331696,147.193054,36000,447,350
1730470527,2024-11-01T14:15:27Z,QFA25,-9.262546,147.181427,36000,447,350
1730470559,2024-11-01T14:15:59Z,QFA25,-9.197232,147.169922,36000,447,350
1730470592,2024-11-01T14:16:32Z,QFA25,-9.130371,147.158142,36000,447,349
1730470624,2024-11-01T14:17:04Z,QFA25,-9.064407,147.146454,36000,447,350
1730470655,2024-11-01T14:17:35Z,QFA25,-9.001465,147.135376,36000,448,349
1730470688,2024-11-01T14:18:08Z,QFA25,-8.934128,147.123505,36000,449,350
1730470721,2024-11-01T14:18:41Z,QFA25,-8.865781,147.111435,36000,448,350
1730470754,2024-11-01T14:19:14Z,QFA25,-8.796707,147.099304,36000,448,350
1730470787,2024-11-01T14:19:47Z,QFA25,-8.729095,147.087387,36000,447,350
1730470819,2024-11-01T14:20:19Z,QFA25,-8.66423,147.075974,36000,447,350
1730470851,2024-11-01T14:20:51Z,QFA25,-8.599688,147.064606,36000,447,350
1730470882,2024-11-01T14:21:22Z,QFA25,-8.536238,147.053421,36000,447,349
1730470913,2024-11-01T14:21:53Z,QFA25,-8.472153,147.042175,36000,448,350
1730470945,2024-11-01T14:22:25Z,QFA25,-8.407837,147.030869,36000,450,349
1730470979,2024-11-01T14:22:59Z,QFA25,-8.337158,147.018387,36000,450,349
1730471010,2024-11-01T14:23:30Z,QFA25,-8.272293,147.007034,36000,449,350
1730471043,2024-11-01T14:24:03Z,QFA25,-8.205112,146.995224,36000,449,350
1730471075,2024-11-01T14:24:35Z,QFA25,-8.137848,146.983429,36000,450,350
1730471108,2024-11-01T14:25:08Z,QFA25,-8.069687,146.97142,36000,452,350
1730471141,2024-11-01T14:25:41Z,QFA25,-8.001724,146.959518,36000,454,349
1730471174,2024-11-01T14:26:14Z,QFA25,-7.934143,146.947632,36000,454,350
1730471205,2024-11-01T14:26:45Z,QFA25,-7.867905,146.936035,36000,455,350
1730471239,2024-11-01T14:27:19Z,QFA25,-7.798187,146.923798,36000,456,350
1730471272,2024-11-01T14:27:52Z,QFA25,-7.729202,146.911697,36000,457,350
1730471304,2024-11-01T14:28:24Z,QFA25,-7.662079,146.899994,36000,457,350
1730471337,2024-11-01T14:28:57Z,QFA25,-7.593567,146.888,36000,454,350
1730471368,2024-11-01T14:29:28Z,QFA25,-7.527544,146.876465,36000,452,350
1730471400,2024-11-01T14:30:00Z,QFA25,-7.462091,146.86499,36000,452,350
1730471433,2024-11-01T14:30:33Z,QFA25,-7.39459,146.85321,36000,452,350
1730471465,2024-11-01T14:31:05Z,QFA25,-7.328705,146.841675,36000,452,350
1730471496,2024-11-01T14:31:36Z,QFA25,-7.262847,146.830139,36000,451,350
1730471528,2024-11-01T14:32:08Z,QFA25,-7.19664,146.818542,36000,451,350
1730471561,2024-11-01T14:32:41Z,QFA25,-7.129349,146.806763,36000,451,350
1730471593,2024-11-01T14:33:13Z,QFA25,-7.062673,146.795105,36000,450,350
1730471626,2024-11-01T14:33:46Z,QFA25,-6.99614,146.783493,36000,451,350
1730471657,2024-11-01T14:34:17Z,QFA25,-6.930634,146.772079,36000,451,350
1730471689,2024-11-01T14:34:49Z,QFA25,-6.864258,146.760498,36000,452,350
1730471722,2024-11-01T14:35:22Z,QFA25,-6.797333,146.74881,36000,452,350
1730471755,2024-11-01T14:35:55Z,QFA25,-6.72759,146.736664,36000,452,350
1730471787,2024-11-01T14:36:27Z,QFA25,-6.661972,146.725204,36000,453,350
1730471819,2024-11-01T14:36:59Z,QFA25,-6.59608,146.713699,36000,453,350
1730471841,2024-11-01T14:37:21Z,QFA25,-6.552475,146.707428,36000,452,353
1730471900,2024-11-01T14:38:20Z,QFA25,-6.428009,146.696762,36000,449,354
1730471933,2024-11-01T14:38:53Z,QFA25,-6.359756,146.690704,36000,450,354
1730471968,2024-11-01T14:39:28Z,QFA25,-6.284739,146.684204,36000,451,355
1730472000,2024-11-01T14:40:00Z,QFA25,-6.251873,146.681305,36000,451,355
1730472044,2024-11-01T14:40:44Z,QFA25,-6.168637,,36000,452,355
1730472114,2024-11-01T14:41:54Z,QFA25,-5.978668,146.657608,36000,453,355
1730472146,2024-11-01T14:42:26Z,QFA25,-5.911669,146.651764,36000,452,354
1730472183,2024-11-01T14:43:03Z,QFA25,-5.859297,146.647217,36000,452,355
1730472354,2024-11-01T14:45:54Z,QFA25,-5.47998,146.614273,36000,453,355
1730472388,2024-11-01T14:46:28Z,QFA25,-5.405319,146.607803,36000,452,355
1730472420,2024-11-01T14:47:00Z,QFA25,-5.340054,146.602127,36000,453,355
1730472443,2024-11-01T14:47:23Z,QFA25,-5.292244,146.598007,36000,453,355
1730472539,2024-11-01T14:48:59Z,QFA25,-5.08788,146.592087,36000,454,6
1730472574,2024-11-01T14:49:34Z,QFA25,-5.015808,146.606125,36000,454,11
1730472606,2024-11-01T14:50:06Z,QFA25,,146.619766,36000,457,11
1730472640,2024-11-01T14:50:40Z,QFA25,-4.879094,146.634094,36000,458,11
1730472672,2024-11-01T14:51:12Z,QFA25,-4.812105,146.647598,36000,461,11
1730472697,2024-11-01T14:51:37Z,QFA25,-4.766052,146.656769,36000,460,11
1730472760,2024-11-01T14:52:40Z,QFA25,-4.745865,146.660782,36000,461,10
1730472852,2024-11-01T14:54:12Z,QFA25,-4.432434,146.720459,36000,462,10
1730472882,2024-11-01T14:54:42Z,QFA25,-4.36781,146.731934,36000,461,9
1730472917,2024-11-01T14:55:17Z,QFA25,-4.293001,146.740128,36000,462,4
1730472949,2024-11-01T14:55:49Z,QFA25,,146.745499,36000,464,4
1730472982,2024-11-01T14:56:22Z,QFA25,-4.154068,146.75174,36000,465,5
1730473014,2024-11-01T14:56:54Z,QFA25,-4.085937,146.757874,36000,464,5
1730473046,2024-11-01T14:57:26Z,QFA25,-4.017014,146.763977,36000,464,5
1730473080,2024-11-01T14:58:00Z,QFA25,-3.943626,146.766602,36000,466,359
1730473114,2024-11-01T14:58:34Z,QFA25,-3.870941,146.766266,36000,468,359
1730473146,2024-11-01T14:59:06Z,QFA25,-3.799484,146.765839,36000,467,358
1730473180,2024-11-01T14:59:40Z,QFA25,-3.725876,146.759094,36000,466,352
1730473213,2024-11-01T15:00:13Z,QFA25,-3.65733,146.750168,36000,465,352
1730473245,2024-11-01T15:00:45Z,QFA25,-3.58685,146.740982,36000,464,351
1730473279,2024-11-01T15:01:19Z,QFA25,-3.514554,146.728897,36000,463,350
1730473312,2024-11-01T15:01:52Z,QFA25,-3.44589,146.713181,36000,467,344
1730473347,2024-11-01T15:02:27Z,QFA25,-3.373082,146.692291,36000,470,343
1730473380,2024-11-01T15:03:00Z,QFA25,-3.301666,146.672928,36000,470,346
1730473415,2024-11-01T15:03:35Z,QFA25,-3.229049,146.655457,36000,471,346
1730473445,2024-11-01T15:04:05Z,QFA25,-3.16369,146.639771,36000,471,346
1730473476,2024-11-01T15:04:36Z,QFA25,-3.097353,146.623917,36000,471,346
1730473507,2024-11-01T15:05:07Z,QFA25,-3.031631,146.608307,36000,471,346
1730473540,2024-11-01T15:05:40Z,QFA25,-2.962026,146.591568,36000,472,346
1730473572,2024-11-01T15:06:12Z,QFA25,-2.893873,146.574097,36000,472,345
1730473603,2024-11-01T15:06:43Z,QFA25,-2.827816,146.5569,36000,471,345
1730473637,2024-11-01T15:07:17Z,QFA25,-2.756378,146.537827,36000,470,344
1730473671,2024-11-01T15:07:51Z,QFA25,-2.685471,146.518509,36000,469,344
1730473701,2024-11-01T15:08:21Z,QFA25,-2.621589,146.503922,36000,466,352
1730473735,2024-11-01T15:08:55Z,QFA25,-2.550339,146.4944,36000,465,351
1730473765,2024-11-01T15:09:25Z,QFA25,-2.484283,146.485092,36000,467,351
1730473799,2024-11-01T15:09:59Z,QFA25,-2.410675,146.474899,36000,468,352
1730473830,2024-11-01T15:10:30Z,QFA25,-2.343533,146.465607,36000,469,352
1730473862,2024-11-01T15:11:02Z,QFA25,-2.276125,146.456284,36000,469,352
1730473894,2024-11-01T15:11:34Z,QFA25,-2.206297,146.446671,36000,470,352
1730473924,2024-11-01T15:12:04Z,QFA25,-2.140751,146.437622,36000,470,352
1730473958,2024-11-01T15:12:38Z,QFA25,-2.068176,146.427551,36000,470,352
1730473988,2024-11-01T15:13:08Z,QFA25,-2.001886,146.418396,36000,470,352
1730474019,2024-11-01T15:13:39Z,QFA25,-1.935083,146.409164,36000,469,352
1730474053,2024-11-01T15:14:13Z,QFA25,-1.861404,146.398972,36000,469,352
1730474087,2024-11-01T15:14:47Z,QFA25,-1.789747,146.389084,36000,470,352
1730474118,2024-11-01T15:15:18Z,QFA25,-1.721967,146.3797,36000,472,352
1730474150,2024-11-01T15:15:50Z,QFA25,-1.652511,146.370132,36000,473,352
1730474181,2024-11-01T15:16:21Z,QFA25,-1.584405,146.360718,36000,475,352
1730474215,2024-11-01T15:16:55Z,QFA25,-1.509888,146.350418,36000,476,352
1730474246,2024-11-01T15:17:26Z,QFA25,-1.442514,146.34111,36000,478,352
1730474277,2024-11-01T15:17:57Z,QFA25,-1.374435,146.331696,36000,477,352
1730474308,2024-11-01T15:18:28Z,QFA25,-1.304766,146.322067,36000,476,352
1730474339,2024-11-01T15:18:59Z,QFA25,-1.236969,146.312698,36000,475,352
1730474372,2024-11-01T15:19:32Z,QFA25,-1.165741,146.302841,36000,474,352
1730474403,2024-11-01T15:20:03Z,QFA25,-1.098074,146.293518,36000,473,352
1730474437,2024-11-01T15:20:37Z,QFA25,,146.283432,36000,473,352
1730474471,2024-11-01T15:21:11Z,QFA25,-0.950729,146.273178,36000,474,352
1730474503,2024-11-01T15:21:43Z,QFA25,-0.879135,146.263321,36000,473,352
1730474534,2024-11-01T15:22:14Z,QFA25,-0.813221,146.254211,36000,470,352
1730474547,2024-11-01T15:22:27Z,QFA25,-0.784149,146.250229,36000,469,352
1730474627,2024-11-01T15:23:47Z,QFA25,-0.611893,146.226395,36000,468,352
1730474662,2024-11-01T15:24:22Z,QFA25,-0.537369,146.21611,36000,468,352
1730474694,2024-11-01T15:24:54Z,QFA25,-0.467012,146.20639,36000,469,352
1730474725,2024-11-01T15:25:25Z,QFA25,-0.401047,146.19725,36000,470,352
1730474766,2024-11-01T15:26:06Z,QFA25,-0.312924,146.184937,36000,469,351
1730474785,2024-11-01T15:26:25Z,QFA25,-0.271027,146.178772,36000,470,351
1730474853,2024-11-01T15:27:33Z,QFA25,-0.123829,146.158127,36000,435,352
1730474865,2024-11-01T15:27:45Z,QFA25,-0.098923,146.154892,36000,467,352
1730474927,2024-11-01T15:28:47Z,QFA25,0.00814,146.14386,36000,471,357
1730474967,2024-11-01T15:29:27Z,QFA25,0.07796,146.125946,36000,463,334
1730475199,2024-11-01T15:33:19Z,QFA25,0.499299,146.025055,36000,471,348
1730475266,2024-11-01T15:34:26Z,QFA25,0.664883,145.980957,36000,470,346
1730475559,2024-11-01T15:39:19Z,QFA25,1.324934,145.836975,36000,469,349
1730475881,2024-11-01T15:44:41Z,QFA25,1.977912,145.683289,36000,467,347
1730476312,2024-11-01T15:51:52Z,QFA25,2.922777,145.468582,36000,470,348
1730476611,2024-11-01T15:56:51Z,QFA25,3.566512,145.330429,36000,473,349
1730476917,2024-11-01T16:01:57Z,QFA25,4.219223,145.183701,36000,463,348
1730477198,2024-11-01T16:06:38Z,QFA25,4.82978,145.049957,37400,469,348
1730477479,2024-11-01T16:11:19Z,QFA25,5.421594,144.916534,38000,446,348
1730477587,2024-11-01T16:13:07Z,QFA25,5.642997,144.865616,38000,472,348
1730477835,2024-11-01T16:17:15Z,QFA25,6.166025,144.761597,38000,466,350
1730478145,2024-11-01T16:22:25Z,QFA25,6.790816,144.644836,38000,465,350
1730478412,2024-11-01T16:26:52Z,QFA25,7.322684,144.546875,38000,468,350
1730478710,2024-11-01T16:31:50Z,QFA25,8.019918,144.407959,38000,465,350
1730479011,2024-11-01T16:36:51Z,QFA25,8.684834,144.269089,38000,458,349
1730479383,2024-11-01T16:43:03Z,QFA25,9.487533,144.100372,38000,460,349
1730479546,2024-11-01T16:45:46Z,QFA25,9.794631,144.030838,38000,460,347
1730479587,2024-11-01T16:46:27Z,QFA25,9.89158,144.006393,38000,480,347
1730479636,2024-11-01T16:47:16Z,QFA25,10.011328,143.97673,38000,470,347
1730479694,2024-11-01T16:48:14Z,QFA25,10.142266,143.9422,38000,470,345
1730479714,2024-11-01T16:48:34Z,QFA25,10.246846,143.927383,38000,464,346
1730479773,2024-11-01T16:49:33Z,QFA25,10.371964,143.897293,38000,468,346
1730479806,2024-11-01T16:50:06Z,QFA25,10.441248,143.8806,38000,468,346
1730479837,2024-11-01T16:50:37Z,QFA25,10.505723,143.865097,38025,469,346
1730479874,2024-11-01T16:51:14Z,QFA25,10.586678,143.847366,38000,471,349
1730479906,2024-11-01T16:51:46Z,QFA25,10.654922,143.833923,38000,472,348
1730479939,2024-11-01T16:52:19Z,QFA25,10.724797,143.819077,38000,473,347
1730479972,2024-11-01T16:52:52Z,QFA25,10.797326,143.804535,38000,474,348
1730480006,2024-11-01T16:53:26Z,QFA25,10.870148,143.790253,38000,475,349
1730480038,2024-11-01T16:53:58Z,QFA25,10.938752,143.776917,38000,475,349
1730480071,2024-11-01T16:54:31Z,QFA25,11.010864,143.763016,38000,476,349
1730480103,2024-11-01T16:55:03Z,QFA25,11.081108,143.749313,38000,474,348
1730480137,2024-11-01T16:55:37Z,QFA25,11.153218,143.735428,38025,468,350
1730480170,2024-11-01T16:56:10Z,QFA25,11.224411,143.722672,38000,471,349
1730480203,2024-11-01T16:56:43Z,QFA25,11.295156,143.710754,38000,471,352
1730480236,2024-11-01T16:57:16Z,QFA25,11.36673,143.701889,38000,473,353
1730480268,2024-11-01T16:57:48Z,QFA25,11.438004,143.694061,38000,471,353
1730480301,2024-11-01T16:58:21Z,QFA25,11.509415,143.685349,38000,469,353
1730480333,2024-11-01T16:58:53Z,QFA25,11.578354,143.677582,38000,468,353
1730480366,2024-11-01T16:59:26Z,QFA25,11.649046,143.670044,38000,469,354
1730480398,2024-11-01T16:59:58Z,QFA25,11.719014,143.662521,38000,472,353
1730480430,2024-11-01T17:00:30Z,QFA25,11.788004,143.65506,38000,473,353
1730480462,2024-11-01T17:01:02Z,QFA25,11.857727,143.64743,38000,472,353
1730480493,2024-11-01T17:01:33Z,QFA25,11.925705,143.638992,38000,473,352
1730480525,2024-11-01T17:02:05Z,QFA25,11.994463,143.629761,38000,471,352
1730480556,2024-11-01T17:02:36Z,QFA25,12.063034,143.620621,38000,470,352
1730480588,2024-11-01T17:03:08Z,QFA25,12.132935,143.611191,38000,470,352
1730480621,2024-11-01T17:03:41Z,QFA25,12.202789,143.60173,38000,470,352
1730480652,2024-11-01T17:04:12Z,QFA25,12.270798,143.592422,38000,468,352
1730480684,2024-11-01T17:04:44Z,QFA25,12.340067,143.582581,38000,467,351
1730480717,2024-11-01T17:05:17Z,QFA25,12.409476,143.572464,38000,467,351
1730480749,2024-11-01T17:05:49Z,QFA25,12.477722,143.562225,38000,468,351
1730480781,2024-11-01T17:06:21Z,QFA25,12.546707,143.551529,38000,468,351
1730480813,2024-11-01T17:06:53Z,QFA25,12.617006,143.540375,38000,468,350
1730480845,2024-11-01T17:07:25Z,QFA25,12.684998,143.529037,38000,467,350
1730480877,2024-11-01T17:07:57Z,QFA25,12.752846,143.517487,38000,466,350
1730480908,2024-11-01T17:08:28Z,QFA25,12.820587,143.505737,38000,468,350
1730480940,2024-11-01T17:09:00Z,QFA25,12.888611,143.493713,38000,470,349
1730480972,2024-11-01T17:09:32Z,QFA25,12.956406,143.481308,38000,469,349
1730481003,2024-11-01T17:10:03Z,QFA25,13.023926,143.468842,38000,468,349
1730481035,2024-11-01T17:10:35Z,QFA25,13.091467,143.456299,38000,468,349
1730481068,2024-11-01T17:11:08Z,QFA25,13.161482,143.443329,38000,469,349
1730481099,2024-11-01T17:11:39Z,QFA25,13.229324,143.430878,38000,468,349
1730481131,2024-11-01T17:12:11Z,QFA25,13.2976,143.418182,38000,467,349
1730481166,2024-11-01T17:12:46Z,QFA25,13.370967,143.403488,38000,466,348
1730481197,2024-11-01T17:13:17Z,QFA25,13.437057,143.38887,38000,466,347
1730481229,2024-11-01T17:13:49Z,QFA25,13.50392,143.373077,38000,466,347
1730481261,2024-11-01T17:14:21Z,QFA25,13.571467,143.356644,38000,469,344
1730481293,2024-11-01T17:14:53Z,QFA25,13.638702,143.336487,38000,471,343
1730481325,2024-11-01T17:15:25Z,QFA25,13.706131,143.316696,38000,471,343
1730481356,2024-11-01T17:15:56Z,QFA25,13.772713,143.297089,38000,470,343
1730481388,2024-11-01T17:16:28Z,QFA25,13.839615,143.27739,38000,468,343
1730481420,2024-11-01T17:17:00Z,QFA25,13.905293,143.257141,38000,469,341
1730481452,2024-11-01T17:17:32Z,QFA25,13.971451,143.233826,38000,469,340
1730481484,2024-11-01T17:18:04Z,QFA25,14.037595,143.210251,38000,469,340
1730481515,2024-11-01T17:18:35Z,QFA25,14.101278,143.187607,38000,470,340
1730481547,2024-11-01T17:19:07Z,QFA25,14.166311,143.164871,38000,469,341
1730481579,2024-11-01T17:19:39Z,QFA25,14.233932,143.142151,38000,467,341
1730481612,2024-11-01T17:20:12Z,QFA25,14.301173,143.119568,38000,466,341
1730481644,2024-11-01T17:20:44Z,QFA25,14.36705,143.097351,38000,465,341
1730481676,2024-11-01T17:21:16Z,QFA25,14.431566,143.075378,38000,466,341
1730481708,2024-11-01T17:21:48Z,QFA25,14.497391,143.051819,38000,468,339
1730481741,2024-11-01T17:22:21Z,QFA25,14.564804,143.02533,38000,468,338
1730481771,2024-11-01T17:22:51Z,QFA25,14.625687,142.997955,38000,471,335
1730481802,2024-11-01T17:23:22Z,QFA25,14.686254,142.968216,38000,474,333
1730481834,2024-11-01T17:23:54Z,QFA25,14.748494,142.932953,38000,478,330
1730481866,2024-11-01T17:24:26Z,QFA25,14.808975,142.896423,38000,480,329
1730481896,2024-11-01T17:24:56Z,QFA25,14.866379,142.861099,38000,481,329
1730481929,2024-11-01T17:25:29Z,QFA25,14.929769,142.821487,38000,483,327
1730481960,2024-11-01T17:26:00Z,QFA25,14.98982,142.781952,38000,484,327
1730481992,2024-11-01T17:26:32Z,QFA25,15.048662,142.741776,38000,484,325
1730482024,2024-11-01T17:27:04Z,QFA25,15.108296,142.697586,38000,486,323
1730482057,2024-11-01T17:27:37Z,QFA25,15.166207,142.652863,38000,486,323
1730482089,2024-11-01T17:28:09Z,QFA25,15.225769,142.607941,38000,485,324
1730482122,2024-11-01T17:28:42Z,QFA25,15.286451,142.565796,38000,486,326
1730482154,2024-11-01T17:29:14Z,QFA25,15.348366,142.524414,38000,488,326
1730482187,2024-11-01T17:29:47Z,QFA25,15.409241,142.482407,38000,491,327
1730482223,2024-11-01T17:30:23Z,QFA25,15.482437,142.443039,38000,480,338
1730482230,2024-11-01T17:30:30Z,QFA25,15.497007,142.437744,38025,478,341
1730482233,2024-11-01T17:30:33Z,QFA25,15.503448,142.435623,38000,477,342
1730482237,2024-11-01T17:30:37Z,QFA25,15.511624,142.433136,38000,477,343
1730482269,2024-11-01T17:31:09Z,QFA25,15.579358,142.414154,38025,476,344
1730482297,2024-11-01T17:31:37Z,QFA25,15.639862,142.402084,38000,470,355
1730482299,2024-11-01T17:31:39Z,QFA25,15.644299,142.40184,38000,468,356
1730482303,2024-11-01T17:31:43Z,QFA25,15.653091,142.401505,38000,468,356
1730482306,2024-11-01T17:31:46Z,QFA25,15.659707,142.401505,38000,466,356
1730482309,2024-11-01T17:31:49Z,QFA25,15.666178,142.401642,38000,465,1
1730482313,2024-11-01T17:31:53Z,QFA25,15.674371,142.402084,38000,463,3
1730482315,2024-11-01T17:31:55Z,QFA25,15.678886,142.402374,38000,463,3
1730482322,2024-11-01T17:32:02Z,QFA25,15.694249,142.403748,38000,462,5
1730482326,2024-11-01T17:32:06Z,QFA25,15.701797,142.404541,38000,461,6
1730482328,2024-11-01T17:32:08Z,QFA25,15.707889,142.405273,38000,461,6
1730482332,2024-11-01T17:32:12Z,QFA25,15.714453,142.406158,38000,461,7
1730482335,2024-11-01T17:32:15Z,QFA25,15.72125,142.407135,38000,461,7
1730482341,2024-11-01T17:32:21Z,QFA25,15.733493,142.409058,38000,460,9
1730482405,2024-11-01T17:33:25Z,QFA25,15.867508,142.440918,38000,457,14
1730482439,2024-11-01T17:33:59Z,QFA25,15.935394,142.458603,38000,457,13
1730482501,2024-11-01T17:35:01Z,QFA25,16.06485,142.48732,38000,465,2
1730482510,2024-11-01T17:35:10Z,QFA25,16.085148,142.487228,38000,470,357
1730482583,2024-11-01T17:36:23Z,QFA25,16.243658,142.450439,38000,480,346
1730482619,2024-11-01T17:36:59Z,QFA25,16.321541,142.430786,38000,479,346
1730482663,2024-11-01T17:37:43Z,QFA25,16.416182,142.406799,38000,480,346
1730482698,2024-11-01T17:38:18Z,QFA25,16.49295,142.387299,38000,480,346
1730482729,2024-11-01T17:38:49Z,QFA25,16.558632,142.370605,38000,479,346
1730482762,2024-11-01T17:39:22Z,QFA25,16.630508,142.35231,38000,478,346
1730482768,2024-11-01T17:39:28Z,QFA25,16.644287,142.348816,38000,478,346
1730482821,2024-11-01T17:40:21Z,QFA25,16.757034,142.320129,38000,479,346
1730482877,2024-11-01T17:41:17Z,QFA25,16.879166,142.289001,38000,481,346
1730482910,2024-11-01T17:41:50Z,QFA25,16.950043,142.270889,38000,481,346
1730482922,2024-11-01T17:42:02Z,QFA25,16.977951,142.263748,38000,481,346
1730482980,2024-11-01T17:43:00Z,QFA25,17.104065,142.231506,38000,482,346
1730482998,2024-11-01T17:43:18Z,QFA25,17.142862,142.221603,38000,483,346
1730483062,2024-11-01T17:44:22Z,QFA25,17.241735,142.193039,38000,480,343
1730483108,2024-11-01T17:45:08Z,QFA25,17.327208,142.168869,38000,480,347
1730483864,2024-11-01T17:57:44Z,QFA25,19.021111,141.768784,38000,473,348
1730484524,2024-11-01T18:08:44Z,QFA25,20.433851,141.456268,38000,460,354
1730485081,2024-11-01T18:18:01Z,QFA25,21.656971,141.268738,38000,472,352
1730486404,2024-11-01T18:40:04Z,QFA25,24.554958,140.974503,38768,475,343
1730487543,2024-11-01T18:59:03Z,QFA25,27.05349,140.567841,38996,479,353
1730489357,2024-11-01T19:29:17Z,QFA25,30.890854,140.027176,39000,447,342
1730489393,2024-11-01T19:29:53Z,QFA25,30.96208,140.003555,39000,447,347
1730489428,2024-11-01T19:30:28Z,QFA25,31.033722,139.99054,39000,453,354
1730489462,2024-11-01T19:31:02Z,QFA25,31.107239,139.987732,39000,459,359
1730489496,2024-11-01T19:31:36Z,QFA25,31.17664,139.988007,39000,459,359
1730489529,2024-11-01T19:32:09Z,QFA25,31.249493,139.988068,39000,457,359
1730489560,2024-11-01T19:32:40Z,QFA25,31.31476,139.988235,39000,456,359
1730489594,2024-11-01T19:33:14Z,QFA25,31.385939,139.988449,39000,454,359
1730489629,2024-11-01T19:33:49Z,QFA25,31.458372,139.988617,39000,453,359
1730489661,2024-11-01T19:34:21Z,QFA25,31.525873,139.988724,39000,453,359
1730489694,2024-11-01T19:34:54Z,QFA25,31.595032,139.988922,39000,454,359
1730489726,2024-11-01T19:35:26Z,QFA25,31.662598,139.98909,39000,455,359
1730489760,2024-11-01T19:36:00Z,QFA25,31.734661,139.989334,39000,456,359
1730489792,2024-11-01T19:36:32Z,QFA25,31.801416,139.989532,39000,456,359
1730489825,2024-11-01T19:37:05Z,QFA25,31.871613,139.989655,39000,456,359
1730489856,2024-11-01T19:37:36Z,QFA25,31.937531,139.989883,39000,454,359
1730489889,2024-11-01T19:38:09Z,QFA25,32.007156,139.990051,39000,453,359
1730489921,2024-11-01T19:38:41Z,QFA25,32.073654,139.990204,39000,456,359
1730489955,2024-11-01T19:39:15Z,QFA25,32.144924,139.990372,39000,457,359
1730490000,2024-11-01T19:40:00Z,QFA25,32.240589,139.990646,39000,460,359
1730490034,2024-11-01T19:40:34Z,QFA25,32.314888,139.990936,39000,466,359
1730490075,2024-11-01T19:41:15Z,QFA25,32.401016,139.991089,39000,468,359
1730490106,2024-11-01T19:41:46Z,QFA25,32.467857,139.991318,39000,468,359
1730490137,2024-11-01T19:42:17Z,QFA25,32.535141,139.991531,39025,465,359
1730490168,2024-11-01T19:42:48Z,QFA25,32.602814,139.991714,39000,462,359
1730490198,2024-11-01T19:43:18Z,QFA25,32.667938,139.991882,39000,461,359
1730490229,2024-11-01T19:43:49Z,QFA25,32.733906,139.99205,38875,459,359
1730490260,2024-11-01T19:44:20Z,QFA25,32.800186,139.992249,37850,460,359
1730490291,2024-11-01T19:44:51Z,QFA25,32.86602,139.992386,36350,465,359
1730490322,2024-11-01T19:45:22Z,QFA25,32.933258,139.992462,34750,477,359
1730490353,2024-11-01T19:45:53Z,QFA25,33.002335,139.99263,33125,491,359
1730490387,2024-11-01T19:46:27Z,QFA25,33.079285,139.992844,31725,486,359
1730490418,2024-11-01T19:46:58Z,QFA25,33.149055,139.993118,30575,478,359
1730490452,2024-11-01T19:47:32Z,QFA25,33.223389,139.993347,29325,470,359
1730490483,2024-11-01T19:48:03Z,QFA25,33.289692,139.993515,28200,462,359
1730490514,2024-11-01T19:48:34Z,QFA25,33.355545,139.993668,27075,454,359
1730490545,2024-11-01T19:49:05Z,QFA25,33.420223,139.993851,26125,443,359
1730490575,2024-11-01T19:49:35Z,QFA25,33.482231,139.994064,25225,433,359
1730490606,2024-11-01T19:50:06Z,QFA25,33.542679,139.994125,24350,428,359
1730490637,2024-11-01T19:50:37Z,QFA25,33.605438,139.994186,23450,430,359
1730490668,2024-11-01T19:51:08Z,QFA25,33.666531,139.994263,22575,423,359
1730490699,2024-11-01T19:51:39Z,QFA25,33.726837,139.9944,21700,422,359
1730490730,2024-11-01T19:52:10Z,QFA25,33.786777,139.994537,20850,415,359
1730490761,2024-11-01T19:52:41Z,QFA25,33.845154,139.99472,20000,406,359
1730490791,2024-11-01T19:53:11Z,QFA25,33.901199,139.994858,19200,399,359
1730490826,2024-11-01T19:53:46Z,QFA25,33.964828,139.994797,18275,395,359
1730490859,2024-11-01T19:54:19Z,QFA25,34.025299,139.994858,17400,392,359
1730490889,2024-11-01T19:54:49Z,QFA25,34.080242,139.994949,16600,389,359
1730490920,2024-11-01T19:55:20Z,QFA25,34.135895,139.995193,15800,383,359
1730490936,2024-11-01T19:55:36Z,QFA25,34.163727,139.997269,15400,388,9
1730490939,2024-11-01T19:55:39Z,QFA25,34.168991,139.99855,15325,390,11
1730490942,2024-11-01T19:55:42Z,QFA25,34.174046,140.000031,15250,392,14
1730490945,2024-11-01T19:55:45Z,QFA25,34.180252,140.00209,15175,391,15
1730490948,2024-11-01T19:55:48Z,QFA25,34.185589,140.003815,15100,390,15
1730490951,2024-11-01T19:55:51Z,QFA25,34.190918,140.005341,15000,388,13
1730490954,2024-11-01T19:55:54Z,QFA25,34.195999,140.006577,14925,385,11
1730490967,2024-11-01T19:56:07Z,QFA25,34.217743,140.009033,14675,372,1
1730490970,2024-11-01T19:56:10Z,QFA25,34.22319,140.008865,14625,367,357
1730490972,2024-11-01T19:56:12Z,QFA25,34.226898,140.00853,14600,365,355
1730490976,2024-11-01T19:56:16Z,QFA25,34.2327,140.007767,14575,362,352
1730490979,2024-11-01T19:56:19Z,QFA25,34.237961,140.006851,14550,360,351
1730490982,2024-11-01T19:56:22Z,QFA25,34.243195,140.005905,14525,360,351
1730490985,2024-11-01T19:56:25Z,QFA25,34.248459,140.005005,14500,360,351
1730490988,2024-11-01T19:56:28Z,QFA25,34.253368,140.00415,14450,362,352
1730490991,2024-11-01T19:56:31Z,QFA25,34.258621,140.003326,14425,364,352
1730491022,2024-11-01T19:57:02Z,QFA25,34.309929,139.996323,14175,363,353
1730491056,2024-11-01T19:57:36Z,QFA25,34.367142,139.988251,13900,363,352
1730491087,2024-11-01T19:58:07Z,QFA25,34.41861,139.980164,13650,366,352
1730491121,2024-11-01T19:58:41Z,QFA25,34.475693,139.971039,13375,366,352
1730491151,2024-11-01T19:59:11Z,QFA25,34.526505,139.962845,13125,360,352
1730491182,2024-11-01T19:59:42Z,QFA25,34.577,139.954773,12875,353,352
1730491216,2024-11-01T20:00:16Z,QFA25,34.631561,139.945969,12575,356,352
1730491249,2024-11-01T20:00:49Z,QFA25,34.684814,139.937561,12100,351,352
1730491279,2024-11-01T20:01:19Z,QFA25,34.734192,139.929672,11200,348,352
1730491295,2024-11-01T20:01:35Z,QFA25,34.759159,139.925705,10750,346,352
1730491307,2024-11-01T20:01:47Z,QFA25,34.778477,139.922668,10450,342,352
1730491323,2024-11-01T20:02:03Z,QFA25,34.802673,139.918854,10275,333,352
1730491338,2024-11-01T20:02:18Z,QFA25,34.825928,139.915207,10150,320,352
1730491354,2024-11-01T20:02:34Z,QFA25,34.848267,139.911728,10025,308,352
1730491369,2024-11-01T20:02:49Z,QFA25,34.86935,139.908371,9925,298,352
1730491381,2024-11-01T20:03:01Z,QFA25,34.8862,139.905624,9700,294,352
1730491396,2024-11-01T20:03:16Z,QFA25,34.906906,139.902206,9400,293,352
1730491412,2024-11-01T20:03:32Z,QFA25,34.927643,139.898788,9100,295,352
1730491424,2024-11-01T20:03:44Z,QFA25,34.944626,139.895874,8825,296,351
1730491440,2024-11-01T20:04:00Z,QFA25,34.965179,139.889862,8500,294,344
1730491452,2024-11-01T20:04:12Z,QFA25,34.981339,139.88443,8250,296,344
1730491467,2024-11-01T20:04:27Z,QFA25,35.001709,139.87793,7925,294,345
1730491482,2024-11-01T20:04:42Z,QFA25,35.021526,139.871689,7625,293,345
1730491498,2024-11-01T20:04:58Z,QFA25,35.042267,139.865265,7275,294,345
1730491513,2024-11-01T20:05:13Z,QFA25,35.062454,139.858932,6950,297,345
1730491529,2024-11-01T20:05:29Z,QFA25,35.082825,139.852478,6625,298,345
1730491541,2024-11-01T20:05:41Z,QFA25,35.099503,139.847137,6350,298,345
1730491557,2024-11-01T20:05:57Z,QFA25,35.12022,139.840683,6025,297,345
1730491569,2024-11-01T20:06:09Z,QFA25,35.136887,139.835449,5925,299,345
1730491584,2024-11-01T20:06:24Z,QFA25,35.156902,139.829071,5875,289,345
1730491600,2024-11-01T20:06:40Z,QFA25,35.17664,139.822876,5900,274,345
1730491612,2024-11-01T20:06:52Z,QFA25,35.191315,139.818283,5900,264,345
1730491628,2024-11-01T20:07:08Z,QFA25,35.209625,139.812515,5800,258,345
1730491643,2024-11-01T20:07:23Z,QFA25,35.227474,139.806808,5475,260,345
1730491655,2024-11-01T20:07:35Z,QFA25,35.242126,139.802109,5175,263,345
1730491671,2024-11-01T20:07:51Z,QFA25,35.257736,139.797073,4825,268,345
1730491680,2024-11-01T20:08:00Z,QFA25,35.271515,139.792664,4575,267,345
1730491686,2024-11-01T20:08:06Z,QFA25,35.278748,139.790375,4425,265,345
1730491695,2024-11-01T20:08:15Z,QFA25,35.289551,139.786957,4225,260,345
1730491705,2024-11-01T20:08:25Z,QFA25,35.300049,139.783676,4025,257,346
1730491711,2024-11-01T20:08:31Z,QFA25,35.307545,139.782211,3925,255,353
1730491714,2024-11-01T20:08:34Z,QFA25,35.311035,139.78215,3925,253,353
1730491717,2024-11-01T20:08:37Z,QFA25,35.314945,139.782623,3925,249,6
1730491720,2024-11-01T20:08:40Z,QFA25,35.316696,139.783051,3900,245,13
1730491723,2024-11-01T20:08:43Z,QFA25,35.321602,139.784836,3875,243,19
1730491726,2024-11-01T20:08:46Z,QFA25,35.324581,139.786423,3850,242,23
1730491729,2024-11-01T20:08:49Z,QFA25,35.32761,139.788467,3825,239,29
1730491733,2024-11-01T20:08:53Z,QFA25,35.330822,139.790741,3800,236,31
1730491736,2024-11-01T20:08:56Z,QFA25,35.333588,139.792786,3750,235,31
1730491739,2024-11-01T20:08:59Z,QFA25,35.336548,139.794952,3725,234,31
1730491742,2024-11-01T20:09:02Z,QFA25,35.339539,139.797241,3675,234,31
1730491744,2024-11-01T20:09:04Z,QFA25,35.341808,139.79892,3625,233,31
1730491747,2024-11-01T20:09:07Z,QFA25,35.344711,139.801147,3575,233,31
1730491751,2024-11-01T20:09:11Z,QFA25,35.34819,139.803772,3525,232,31
1730491754,2024-11-01T20:09:14Z,QFA25,35.350479,139.805481,3475,233,31
1730491764,2024-11-01T20:09:24Z,QFA25,35.359268,139.812134,3300,230,32
1730491773,2024-11-01T20:09:33Z,QFA25,35.367783,139.818588,3150,226,32
1730491782,2024-11-01T20:09:42Z,QFA25,35.375977,139.824875,3000,225,31
1730491791,2024-11-01T20:09:51Z,QFA25,35.383377,139.830536,2850,223,32
1730491801,2024-11-01T20:10:01Z,QFA25,35.392227,139.837357,2675,217,32
1730491807,2024-11-01T20:10:07Z,QFA25,35.397446,139.841309,2600,211,32
1730491816,2024-11-01T20:10:16Z,QFA25,35.404999,139.847031,2475,204,29
1730491819,2024-11-01T20:10:19Z,QFA25,35.407562,139.848572,2425,203,25
1730491822,2024-11-01T20:10:22Z,QFA25,35.410217,,2350,203,18
1730491826,2024-11-01T20:10:26Z,QFA25,35.413357,139.850586,2300,201,11
1730491828,2024-11-01T20:10:28Z,QFA25,35.415871,139.850937,2275,199,4
1730491832,2024-11-01T20:10:32Z,QFA25,35.418713,139.851044,2225,197,1
1730491835,2024-11-01T20:10:35Z,QFA25,35.421413,139.851044,2175,195,359
1730491838,2024-11-01T20:10:38Z,QFA25,35.4245,139.851044,2125,193,359
1730491841,2024-11-01T20:10:41Z,QFA25,35.427063,139.851044,2100,191,359
1730491844,2024-11-01T20:10:44Z,QFA25,35.429745,139.851044,2075,190,359
1730491847,2024-11-01T20:10:47Z,QFA25,35.432419,139.851089,2025,187,359
1730491850,2024-11-01T20:10:50Z,QFA25,35.434982,139.851089,1975,185,359
1730491853,2024-11-01T20:10:53Z,QFA25,35.4375,139.850922,1950,185,355
1730491856,2024-11-01T20:10:56Z,QFA25,35.439606,139.850586,1950,184,350
1730491859,2024-11-01T20:10:59Z,QFA25,35.442966,139.849701,1900,183,345
1730491862,2024-11-01T20:11:02Z,QFA25,35.445328,139.848801,1875,182,341
1730491865,2024-11-01T20:11:05Z,QFA25,35.447708,139.847656,1850,180,337
1730491869,2024-11-01T20:11:09Z,QFA25,35.450134,139.846283,1825,180,334
1730491872,2024-11-01T20:11:12Z,QFA25,35.452148,139.845093,1825,178,332
1730491875,2024-11-01T20:11:15Z,QFA25,35.454651,139.843445,1775,177,332
1730491877,2024-11-01T20:11:17Z,QFA25,35.456558,139.842163,1725,176,330
1730491881,2024-11-01T20:11:21Z,QFA25,35.458839,139.84053,1650,176,329
1730491884,2024-11-01T20:11:24Z,QFA25,35.461029,139.838959,1600,173,329
1730491887,2024-11-01T20:11:27Z,QFA25,35.463135,139.837479,1575,172,329
1730491890,2024-11-01T20:11:30Z,QFA25,35.465542,139.8358,1525,168,330
1730491893,2024-11-01T20:11:33Z,QFA25,35.467499,139.834396,1475,166,330
1730491903,2024-11-01T20:11:43Z,QFA25,35.473709,139.830093,1325,160,330
1730491912,2024-11-01T20:11:52Z,QFA25,35.47966,139.825974,1200,154,330
1730491921,2024-11-01T20:12:01Z,QFA25,35.485283,139.821945,1075,147,329
1730491931,2024-11-01T20:12:11Z,QFA25,35.490311,139.818375,975,141,329
1730491942,2024-11-01T20:12:22Z,QFA25,35.496639,139.813934,825,134,330
1730491951,2024-11-01T20:12:31Z,QFA25,35.5019,139.810257,725,132,330
1730491958,2024-11-01T20:12:38Z,QFA25,35.505299,139.807861,650,133,329
1730491967,2024-11-01T20:12:47Z,QFA25,35.510193,139.804352,525,135,329
1730491973,2024-11-01T20:12:53Z,QFA25,35.513672,139.801941,450,135,329
1730491982,2024-11-01T20:13:02Z,QFA25,35.51857,139.798401,350,135,329
1730491992,2024-11-01T20:13:12Z,QFA25,35.52364,139.79483,250,134,330
1730492001,2024-11-01T20:13:21Z,QFA25,35.528687,139.791245,125,133,329
1730492010,2024-11-01T20:13:30Z,QFA25,35.53323,139.787994,25,135,329
1730492020,2024-11-01T20:13:40Z,QFA25,35.538757,139.784149,0,136,330
1730492027,2024-11-01T20:13:47Z,QFA25,35.542831,139.781219,0,125,329
1730492035,2024-11-01T20:13:55Z,QFA25,35.546219,139.778885,0,105,329
1730492043,2024-11-01T20:14:03Z,QFA25,35.548954,139.776901,0,0,329
1730492051,2024-11-01T20:14:11Z,QFA25,35.550671,139.775696,0,42,329
1730492056,2024-11-01T20:14:16Z,QFA25,35.551472,139.77504,0,32,323
1730492064,2024-11-01T20:14:24Z,QFA25,35.552246,139.774155,0,27,315
1730492087,2024-11-01T20:14:47Z,QFA25,35.552959,139.772293,0,0,264
1730492095,2024-11-01T20:14:55Z,QFA25,35.552753,139.772034,0,9,233
1730492101,2024-11-01T20:15:01Z,QFA25,35.552536,139.771957,0,7,210
1730492110,2024-11-01T20:15:10Z,QFA25,35.552292,139.771973,0,5,188
1730492129,2024-11-01T20:15:29Z,QFA25,35.551968,139.771942,0,4,188
1730492142,2024-11-01T20:15:42Z,QFA25,35.551769,139.771729,0,4,210
1730492154,2024-11-01T20:15:54Z,QFA25,35.551628,139.771454,0,5,230
1730492163,2024-11-01T20:16:03Z,QFA25,35.551525,139.77121,0,6,239
1730492171,2024-11-01T20:16:11Z,QFA25,35.551414,139.770981,0,6,239
1730492178,2024-11-01T20:16:18Z,QFA25,35.551304,139.770737,0,8,239
1730492183,2024-11-01T20:16:23Z,QFA25,35.551197,139.770523,0,9,239
1730492187,2024-11-01T20:16:27Z,QFA25,35.551094,139.770309,0,10,239
1730492195,2024-11-01T20:16:35Z,QFA25,35.550919,139.769943,0,10,239
1730492201,2024-11-01T20:16:41Z,QFA25,35.550774,139.769608,0,9,239
1730492210,2024-11-01T20:16:50Z,QFA25,35.550602,139.769272,0,8,239
1730492216,2024-11-01T20:16:56Z,QFA25,35.550476,139.769012,0,8,239
1730492224,2024-11-01T20:17:04Z,QFA25,35.550327,139.768692,0,7,239
1730492235,2024-11-01T20:17:15Z,QFA25,35.550167,139.768356,0,6,239
1730492243,2024-11-01T20:17:23Z,QFA25,35.55006,139.768127,0,6,239
1730492251,2024-11-01T20:17:31Z,QFA25,35.549961,139.767914,0,5,241
1730492265,2024-11-01T20:17:45Z,QFA25,35.549755,139.767761,0,4,216
1730492278,2024-11-01T20:17:58Z,QFA25,35.549545,139.767899,0,5,177
1730492289,2024-11-01T20:18:09Z,QFA25,35.549343,139.768082,0,5,154
1730492307,2024-11-01T20:18:27Z,QFA25,35.549129,139.76825,0,3,149
